<?xml version="1.0" encoding="UTF-8"?>
<cms><name>NukeViet 3.1 Official version</name><version>3.1.03.r930</version><date>Fri, 25 Feb 2011 14:22:19 GMT</date><message>NukeViet 3.1 Official version là bản phát hành chính thức của dòng phiên bản NukeViet 3.x, đánh dấu sự kiện NukeViet đi vào hoạt động chuyên nghiệp được 1 năm tuổi. Ban Quản Trị diễn đàn NukeViet.VN xin trân trọng gửi tới cộng đồng...</message><link>http://nukeviet.vn/vi/download/NukeViet-30/NukeViet-31-Official-version/</link></cms>
