{
  "name": "angular-thread",
  "description": "AngularJS primitives for thread.js library",
  "version": "0.1.3",
  "author": "Tomas Aparicio",
  "repository": "h2non/angular-thread",
  "scripts": [
    "angular-thread.js",
    "angular-thread.min.js",
    "angular-thread.min.js.map"
  ],
  "license": "MIT",
  "keywords": [
    "angular",
    "parallel",
    "worker",
    "webworker",
    "processing",
    "process",
    "fork",
    "compute",
    "non-blocking",
    "blocking",
    "multiprocess",
    "child",
    "multicore",
    "spawn"
  ],
  "dependencies": {
    "h2non/thread.js": "~0.1.1"
  }
}
