<?xml version="1.0" encoding="utf-8"?>
<plan>
  <id>4</id>
  <lang></lang>
  <title>intro - header</title>
  <form>random</form>
  <width>950</width>
  <height>70</height>
  <banners>
    <banners_item>
      <id>5</id>
      <title>Đặc Sản Huế</title>
      <clid>0</clid>
      <file_name>dacsanhue.swf</file_name>
      <file_ext>swf</file_ext>
      <file_mime>application/x-shockwave-flash</file_mime>
      <file_width>950</file_width>
      <file_height>70</file_height>
      <file_alt></file_alt>
      <file_click>http://dacsanhue.net</file_click>
    </banners_item>
  </banners>
</plan>
