<?xml version="1.0" encoding="utf-8"?>
<plan>
  <id>3</id>
  <lang></lang>
  <title>Intro - footer</title>
  <form>random</form>
  <width>510</width>
  <height>165</height>
  <banners>
    <banners_item>
      <id>4</id>
      <title>Thư Viện</title>
      <clid>0</clid>
      <file_name>intro-ft.swf</file_name>
      <file_ext>swf</file_ext>
      <file_mime>application/x-shockwave-flash</file_mime>
      <file_width>510</file_width>
      <file_height>161</file_height>
      <file_alt></file_alt>
      <file_click>http://lexuanduan.net</file_click>
    </banners_item>
  </banners>
</plan>
