<?xml version="1.0" encoding="utf-8"?>
<plan>
  <id>5</id>
  <lang></lang>
  <title>Intro - footer - dai</title>
  <form>random</form>
  <width>950</width>
  <height>70</height>
  <banners>
    <banners_item>
      <id>6</id>
      <title>Liên Hệ</title>
      <clid>0</clid>
      <file_name>intro-fter.swf</file_name>
      <file_ext>swf</file_ext>
      <file_mime>application/x-shockwave-flash</file_mime>
      <file_width>950</file_width>
      <file_height>70</file_height>
      <file_alt></file_alt>
      <file_click>http://lexuanduan.net/index.php?language=vi&amp;nv=contact</file_click>
    </banners_item>
  </banners>
</plan>
